range,posture,start,end,
20.05803,Sitting,1117711,1123611,
66.3248,Sitting,1128512,1135411,
89.51151,Sitting,1137152,1144535,
16.24406,Sitting,1146953,1153175,
