range,posture,start,end,
50.81513,Lying,3441094,3448606,
68.58675,Lying,3450314,3456827,
38.11135,Lying,3460212,3466402,
36.6836,Lying,3468434,3474527,
