range,posture,start,end,
22.10827,Sitting,1028728,1034854,
49.21938,Sitting,1039788,1046138,
13.08645,Sitting,1048073,1054392,
