range,posture,start,end,
23.60329,Standing,4323313,4329117,
66.53671,Standing,4331373,4338885,
94.41315,Standing,4340819,4348396,
