range,posture,start,end,
14.26308,Lying,3101381,3107281,
56.54145,Lying,3111537,3118920,
17.14669,Lying,3121338,3127463,
73.3672,Lying,3130978,3138715,
