range,posture,start,end,
53.27083,Lying,3267095,3274349,
75.3886,Lying,3277734,3285020,
12.70378,Lying,3286794,3292403,
