range,posture,start,end,
15.78578,Reclining,1662556,1668907,
40.95206,Reclining,1675387,1681867,
20.47603,Reclining,1687091,1694022,
