range,posture,start,end,
82.51994,Reclining,2274270,2281492,
24.16885,Reclining,2283426,2289391,
36.3163,Reclining,2291390,2298257,
47.35735,Reclining,2301545,2308574,
