range,posture,start,end,
13.31771,Lying,3182239,3188655,
25.40756,Lying,3190815,3197005,
51.44006,Lying,3200133,3206645,
