range,posture,start,end,
51.1362,Sitting,78690,85144,
87.96927,Sitting,171867,180229,
34.0908,Sitting,191832,198196,
65.97695,Sitting,206589,213172,
