range,posture,start,end,
59.64879,Reclining,1961099,1968031,
12.08442,Reclining,1974189,1980282,
61.88996,Reclining,1981732,1988180,
75.0706,Reclining,1991083,1998755,
