range,posture,start,end,
70.80986,Standing,4194772,4201801,
88.71561,Standing,4210184,4218695,
31.20008,Standing,4224982,4231236,
51.2084,Standing,4232590,4239167,
