range,posture,start,end,
80.23213,Sitting,646226,653028,
67.13364,Sitting,655305,662138,
32.48812,Sitting,663480,669626,
43.98463,Sitting,671062,677114,
