range,posture,start,end,
21.99232,Sitting,1211561,1217427,
52.34579,Sitting,1229453,1235707,
68.1816,Sitting,1242897,1249732,
