range,posture,start,end,
43.16898,Lying,2921869,2932702,
39.95312,Lying,2934443,2941116,
26.63541,Lying,2944211,2951336,
