range,posture,start,end,
18.76765,Reclining,2054089,2060377,
81.05196,Reclining,2063085,2070854,
60.78897,Reclining,2073208,2080172,
