range,posture,start,end,
46.80013,Standing,4559633,4565469,
15.60004,Standing,4566564,4572690,
83.47215,Standing,4574464,4581137,
