range,posture,start,end,
28.52616,Lying,2806459,2813003,
57.05231,Lying,2825255,2833701,
57.55863,Lying,2836314,2843310,
