range,posture,start,end,
36.25327,Reclining,2168201,2174294,
63.14313,Reclining,2176583,2182967,
18.15815,Reclining,2185513,2197765,
