range,posture,start,end,
15.50583,Lying,3020362,3026455,
18.3418,Lying,3028389,3034450,
31.01165,Lying,3036707,3042897,
