range,posture,start,end,
37.5353,Reclining,1772817,1779426,
48.3377,Reclining,1789324,1795997,
81.90412,Reclining,1799156,1807152,
56.30295,Reclining,1809119,1816212,
