range,posture,start,end,
48.73219,Sitting,761978,768343,
44.21653,Sitting,785253,791525,
65.62584,Sitting,797296,804847,
