range,posture,start,end,
31.57157,Reclining,2366864,2372957,
20.62999,Reclining,2374182,2380437,
41.25997,Reclining,2383371,2391044,
72.63261,Reclining,2392655,2399362,
