range,posture,start,end,
27.82405,Standing,4949411,4955569,
48.73507,Standing,4957665,4964145,
73.1026,Standing,4965756,4972527,
