range,posture,start,end,
39.25934,Sitting,1319789,1325883,
44.75576,Sitting,1327334,1334007,
40.11607,Sitting,1337651,1344678,
