range,posture,start,end,
21.59691,Standing,4785438,4791307,
111.2962,Standing,4794949,4803461,
46.80013,Standing,4805524,4811779,
