range,posture,start,end,
19.88293,Reclining,1882595,1889849,
20.26299,Reclining,1892331,1898392,
54.47446,Reclining,1900875,1907807,
40.52598,Reclining,1909644,1916189,
