range,posture,start,end,
62.0233,Lying,3349307,3356625,
18.84715,Lying,3359526,3365620,
42.78923,Lying,3368200,3375679,
28.77932,Lying,3377582,3384255,
