Participant,Posture,Direction,MaxViewingRange
2,Lying,90,78.22631
2,Lying,135,86.02017
2,Lying,0,119.6022
2,Lying,315,84.12527
2,Lying,270,79.80302
2,Lying,180,94.61337
2,Lying,45,69.03035
2,Lying,225,83.39999
