Participant,Posture,Direction,MaxViewingRange
1,Lying,0,70.26463
1,Lying,270,58.96806
1,Lying,135,45.22812
1,Lying,315,66.97906
1,Lying,45,32.28821
1,Lying,180,59.60587
1,Lying,225,59.74604
1,Lying,90,22.87508
