Participant,Posture,Direction,MaxViewingRange
1,Lying,315,70.40282
1,Lying,270,58.56406
1,Lying,225,81.90797
1,Lying,0,83.5742
1,Lying,90,66.10449
1,Lying,45,75.0605
1,Lying,135,73.54359
1,Lying,180,78.36097
