range,posture,start,end,
22.87508,Lying,17314,24613,
35.13232,Lying,30042,36948,
44.7044,Lying,39451,46479,
5.71877,Lying,55980,61740,
