range,posture,start,end,
68.02697,Sitting,3522,11222,
45.35131,Sitting,15776,22803,
78.14566,Sitting,26513,34505,
79.25515,Sitting,38305,45393,
