range,posture,start,end,
17.56616,Lying,4396,10528,
29.48403,Lying,14389,23105,
29.87302,Lying,27659,34476,
33.48953,Lying,37462,43855,
