range,posture,start,end,
71.50244,Standing,10950,18460,
85.71075,Standing,25125,35229,
25.26567,Standing,41412,47625,
