range,posture,start,end,
15.56906,Reclining,15655,21536,
31.13812,Reclining,25729,35290,
38.64811,Reclining,41955,50732,
