range,posture,start,end,
19.32405,Reclining,8181,14479,
5.297925,Reclining,27629,33842,
53.48018,Reclining,41201,49344,
