range,posture,start,end,
27.04703,Standing,6259,12579,
49.93395,Standing,16922,24040,
57.1405,Standing,27870,34566,
