range,posture,start,end,
46.38396,Standing,22592,29741,
23.83415,Standing,34807,40930,
30.3579,Standing,45242,51335,
96.2261,Standing,59358,68556,
