range,posture,start,end,
62.27625,Reclining,3492,12187,
17.70205,Reclining,19003,25789,
11.52731,Reclining,45574,51184,
46.70719,Reclining,59056,66023,
