range,posture,start,end,
23.05462,Reclining,16772,22955,
26.74009,Reclining,30072,44699,
45.51403,Reclining,52451,59780,
40.11013,Reclining,69280,82037,
