range,posture,start,end,
9.662027,Reclining,3580,9346,
33.252,Reclining,20149,27147,
70.8082,Reclining,30192,37521,
53.10615,Reclining,41262,47987,
