range,posture,start,end,
70.26463,Lying,2968,11584,
16.74476,Lying,19848,25910,
24.21616,Lying,29800,35922,
