range,posture,start,end,
50.23429,Lying,3551,10679,
52.69847,Lying,14027,21085,
22.61406,Lying,26000,32122,
