range,posture,start,end,
47.6683,Standing,13001,20119,
28.57025,Standing,61468,68375,
72.16957,Standing,86260,94373,
