range,posture,start,end,
44.336,Reclining,11131,20601,
60.68537,Reclining,25397,38366,
28.98608,Reclining,42015,49978,
46.10925,Reclining,56009,62674,
