range,posture,start,end,
23.67607,Sitting,4424,10679,
63.92733,Sitting,15655,22743,
88.4459,Sitting,27629,36707,
