range,posture,start,end,
17.15631,Lying,2298,8414,
59.60587,Lying,15294,23708,
33.92109,Lying,29710,36738,
