range,posture,start,end,
24.96697,Standing,28051,34476,
101.0627,Standing,46147,79263,
92.76793,Standing,87467,96484,
