range,posture,start,end,
19.53642,Sitting,4046,10076,
59.44136,Sitting,15866,22743,
47.35215,Sitting,28142,35471,
15.98183,Sitting,39814,45815,
