range,posture,start,end,
90.70263,Sitting,3202,10558,
71.02822,Sitting,21235,28262,
87.28993,Sitting,31640,39301,
