range,posture,start,end,
47.6683,Standing,197239,203573,
28.57025,Standing,205414,211654,
72.16957,Standing,213651,220733,
50.53135,Standing,222480,228845,
