range,posture,start,end,
47.9455,Sitting,3260,10618,
22.67566,Sitting,13967,19697,
43.08894,Sitting,23678,29860,
