range,posture,start,end,
31.96367,Sitting,2794,9695,
39.62757,Sitting,17073,23347,
22.11147,Sitting,28232,34113,
94.70429,Sitting,40899,49736,
