range,posture,start,end,
35.4041,Reclining,6433,12941,
15.89377,Reclining,15655,21748,
34.58194,Reclining,24794,31127,
22.168,Reclining,38758,44790,
