range,posture,start,end,
14.74201,Lying,3871,10287,
58.96806,Lying,13273,26573,
11.30703,Lying,32817,38487,
