range,posture,start,end,
54.09405,Standing,3347,9870,
114.281,Standing,16862,57216,
95.33659,Standing,66626,74859,
