range,posture,start,end,
19.81379,Sitting,4366,10378,
86.17787,Sitting,14570,22351,
58.60925,Sitting,25910,32575,
