range,posture,start,end,
21.82248,Sitting,1978,8093,
21.54447,Sitting,11313,17224,
66.33443,Sitting,19184,26031,
