range,posture,start,end,
16.14411,Lying,2968,8996,
32.28821,Lying,11493,18641,
14.90147,Lying,26573,32334,
