range,posture,start,end,
8.072053,Lying,6171,11976,
59.74604,Lying,15776,24070,
29.80293,Lying,28443,34505,
